variacion,demanda_original,demanda_modificada,capacidad_total,diferencia_absoluta,diferencia_porcentual,utilizacion_original,utilizacion_modificada
-20,92,95.99999999999999,378,3.999999999999986,4.347826086956506,24.33862433862434,25.396825396825395
-10,92,91.8,378,0.20000000000000284,-0.21739130434782916,24.33862433862434,24.285714285714285
0,92,92.0,378,0.0,0.0,24.33862433862434,24.33862433862434
10,92,93.00000000000001,378,1.0000000000000142,1.086956521739146,24.33862433862434,24.603174603174608
20,92,97.2,378,5.200000000000003,5.652173913043481,24.33862433862434,25.71428571428572
